_MEMBER_CNet-SVM,_MEMBER_Enet-SVM,_MEMBER_L2SCAD-SVM,_MEMBER_Lasso-SVM,_MEMBER_SCAD-SVM,_MEMBER_SGLasso-SVM,_MEMBER_SVM-RFE,_MEMBER_mRMR-SVM,_LogP_CNet-SVM,_LogP_Enet-SVM,_LogP_L2SCAD-SVM,_LogP_Lasso-SVM,_LogP_SCAD-SVM,_LogP_SGLasso-SVM,_LogP_SVM-RFE,_LogP_mRMR-SVM,GO,_PATTERN_,_RANK_,GiniIndex,Category,CategoryID,Description,PARENT_GO,LogP,Enrichment,Z-score,#TotalGeneInLibrary,#GeneInGO,#GeneInHitList,#GeneInGOAndHitList,%InGO,STDV %InGO,GeneID,Hits,Log(q-value),EvidenceCutoff
1,0,0,0,0,0,0,0,-5,0,0,0,0,0,0,0,PGB:00079,M10000000,1,0,PaGenBase,36,Tissue-specific: Caudate nucleus,,-5,69,14,30198,41,32,3,9.4,5.2,5137|5179|7480,PDE1C|PENK|WNT10B,-2.3,0
0,0,0,0,0,0,0,1,0,0,0,0,0,0,0,-4.1,PGB:00072,M00000001,1,0,PaGenBase,36,Tissue-specific: uterus,,-4.1,36,10,30198,83,30,3,10,5.5,4320|4800|8817,MMP11|NFYA|FGF18,-1.8,0
1,0,0,0,0,0,1,0,-2.7,0,0,0,0,0,-2.7,0,PGB:00057,M10000010,2,0,PaGenBase,36,Tissue-specific: ovary,,-2.7,12,5.6,30198,246,30,3,10,5.5,4320|8840|25769,MMP11|CCN4|SLC24A2,-0.92,0
0,0,0,0,0,0,0,1,0,0,0,0,0,0,0,-2.5,PGB:00045,M00000001,1,0,PaGenBase,36,Tissue-specific: placenta,,-2.5,9.9,4.9,30198,304,30,3,10,5.5,1284|4320|6464,COL4A2|MMP11|SHC1,-0.75,0
0,0,0,0,0,1,0,0,0,0,0,0,0,-2.1,0,0,PGB:00014,M00000100,1,0,PaGenBase,36,Cell-specific: DRG,,-2.1,7.1,4,30198,455,28,3,11,5.8,1804|2246|3489,DPP6|FGF1|IGFBP6,-0.44,0
