_MEMBER_CNet-SVM,_MEMBER_Enet-SVM,_MEMBER_L2SCAD-SVM,_MEMBER_Lasso-SVM,_MEMBER_SCAD-SVM,_MEMBER_SGLasso-SVM,_MEMBER_SVM-RFE,_MEMBER_mRMR-SVM,_LogP_CNet-SVM,_LogP_Enet-SVM,_LogP_L2SCAD-SVM,_LogP_Lasso-SVM,_LogP_SCAD-SVM,_LogP_SGLasso-SVM,_LogP_SVM-RFE,_LogP_mRMR-SVM,GO,_PATTERN_,_RANK_,GiniIndex,Category,CategoryID,Description,PARENT_GO,LogP,Enrichment,Z-score,#TotalGeneInLibrary,#GeneInGO,#GeneInHitList,#GeneInGOAndHitList,%InGO,STDV %InGO,GeneID,Hits,Log(q-value),EvidenceCutoff
0,0,0,0,0,0,1,1,0,0,0,0,0,0,-3.8,-2.8,TRR01256,M00000011,2,0,TRRUST,34,Regulated by: SP1,,-3.8,9.6,6.3,30198,523,30,5,17,6.8,1066|1311|4320|5021|6532,CES1|COMP|MMP11|OXTR|SLC6A4,-1.6,0
1,0,0,0,0,0,0,0,-3.1,0,0,0,0,0,0,0,TRR00645,M10000000,1,0,TRRUST,34,Regulated by: JUN,,-3.1,17,6.6,30198,171,32,3,9.4,5.2,3725|5021|5179,JUN|OXTR|PENK,-1.2,0
1,0,0,0,0,0,1,0,-2.3,0,0,0,0,0,-2.4,0,TRR01158,M10000010,2,0,TRRUST,34,Regulated by: RELA,,-2.4,9.1,4.7,30198,333,30,3,10,5.5,2253|2920|5021,FGF8|CXCL2|OXTR,-0.67,0
1,0,0,0,0,0,0,0,-2.3,0,0,0,0,0,0,0,TRR00875,M10000000,1,0,TRRUST,34,Regulated by: NFKB1,,-2.3,8.4,4.4,30198,339,32,3,9.4,5.2,2253|2920|10664,FGF8|CXCL2|CTCF,-0.59,0
